date,item,store,sales
2021-11-18 09:52:17,7,7,1
2021-11-18 05:41:48,17,7,1
2021-11-18 00:55:43,7,7,1
2021-11-17 23:56:06,17,7,2
2021-11-16 19:49:52,16,7,1
2021-11-15 01:47:44,7,7,1
2021-11-14 23:19:27,7,7,1
2021-11-14 21:57:02,17,7,1
2021-11-14 18:55:53,7,7,1
2021-11-14 17:53:26,7,7,1
2021-11-13 19:49:40,7,7,2
2021-11-13 02:54:36,7,7,1
2021-11-10 20:17:13,7,7,1
2021-11-10 00:55:45,6,1,1
2021-11-09 22:45:26,7,7,1
2021-11-04 23:23:24,7,7,1
2021-11-02 18:05:49,8,7,1
2021-11-02 18:54:56,7,7,1
2021-11-02 20:30:52,7,7,1
2021-11-02 21:47:13,8,7,1
2021-11-02 21:49:51,8,7,1
2021-11-02 22:27:06,7,7,1
2021-11-02 23:56:51,7,7,1
2021-11-03 01:24:29,12,7,1
2021-11-03 02:10:47,8,7,1
2021-11-03 05:42:24,12,7,1
2021-11-03 09:44:56,8,7,1
2021-11-03 11:44:22,8,7,1
2021-11-03 11:54:41,7,7,1
2021-11-03 02:42:53,6,1,2
2021-11-02 16:01:19,8,7,1
2021-11-02 13:54:59,7,7,1
2021-10-31 13:48:38,7,7,3
2021-10-27 16:49:00,12,7,1
2021-10-27 14:50:32,8,7,1
2021-10-27 13:46:43,8,7,2
2021-10-26 18:30:42,7,7,1
2021-10-26 21:29:53,23,7,1
2021-10-26 21:54:39,7,7,1
2021-10-26 22:35:50,23,7,1
2021-10-26 23:04:18,8,7,1
2021-10-26 23:11:11,1,7,1
2021-10-26 23:46:09,7,7,1
2021-10-27 02:15:56,7,7,1
2021-10-27 02:16:23,1,7,1
2021-10-27 02:39:42,8,7,1
2021-10-27 05:37:48,0,7,1
2021-10-27 06:53:05,8,7,3
2021-10-24 23:57:33,0,7,1
2021-10-23 17:57:38,8,7,2
2021-10-23 18:17:45,8,7,1
2021-10-23 19:00:37,7,7,1
2021-10-23 20:30:53,8,7,1
2021-10-23 20:34:06,8,7,1
2021-10-23 21:53:44,7,7,1
2021-10-23 23:04:14,7,7,1
2021-10-24 03:23:06,12,7,1
2021-10-24 03:46:34,8,7,1
2021-10-24 06:13:47,7,7,1
2021-10-24 06:18:00,8,7,1
2021-10-23 21:00:47,23,1,1
2021-10-22 15:52:15,23,7,1
2021-10-22 10:19:24,0,7,1
2021-10-22 10:30:49,8,7,1
2021-10-21 18:21:24,8,7,2
2021-10-21 18:33:05,8,7,1
2021-10-21 19:01:05,8,7,1
2021-10-21 21:13:21,7,7,1
2021-10-21 23:44:32,8,7,1
2021-10-22 00:59:54,8,7,1
2021-10-22 02:29:22,8,7,1
2021-10-21 17:46:33,9,6,1
2021-10-20 19:00:16,8,7,1
2021-10-18 16:51:44,8,7,1
2021-10-18 16:55:31,8,7,1
2021-10-05 21:19:12,8,7,1
2021-10-05 21:25:49,8,7,1
2021-10-06 00:10:05,8,7,1
2021-10-06 11:59:50,8,7,2
2021-10-06 12:12:34,8,7,1
2021-10-06 12:37:49,12,7,1
2021-10-06 14:07:45,8,7,1
2021-10-06 14:34:13,8,7,1
2021-10-06 15:16:20,1,7,1
2021-10-06 17:59:27,8,7,3
2021-10-06 18:21:33,0,7,1
2021-10-06 19:23:50,12,7,1
2021-10-06 19:40:30,8,7,1
2021-10-06 19:40:37,8,7,1
2021-10-06 19:45:14,8,7,1
2021-10-06 20:08:22,8,7,1
2021-10-06 20:28:48,8,7,1
2021-10-06 20:42:44,8,7,1
2021-10-07 02:07:30,8,7,1
2021-10-07 05:12:10,8,7,1
2021-10-07 10:29:21,8,7,1
2021-10-07 13:06:06,23,7,1
2021-10-07 14:35:53,8,7,1
2021-10-07 15:15:10,8,7,1
2021-10-07 17:10:47,12,7,1
2021-10-07 17:15:00,8,7,1
2021-10-07 18:06:25,12,7,1
2021-10-07 18:12:20,8,7,1
2021-10-07 21:23:20,8,7,1
2021-10-08 00:10:12,9,7,1
2021-10-08 01:49:22,8,7,1
2021-10-08 02:16:58,8,7,1
2021-10-08 03:14:54,8,7,1
2021-10-08 03:24:22,12,7,1
2021-10-08 03:58:42,12,7,1
2021-10-08 12:21:49,12,7,1
2021-10-08 12:42:48,8,7,1
2021-10-08 15:05:12,8,7,1
2021-10-08 15:58:30,8,7,1
2021-10-08 16:37:08,8,7,1
2021-10-08 17:20:27,12,7,1
2021-10-08 19:17:59,8,7,1
2021-10-08 20:05:55,8,7,1
2021-10-08 20:31:10,8,7,1
2021-10-09 00:05:44,8,7,1
2021-10-09 00:10:25,12,7,1
2021-10-09 02:08:56,12,7,1
2021-10-09 02:57:34,8,7,1
2021-10-09 03:56:17,8,7,1
2021-10-09 03:59:39,8,7,1
2021-10-09 04:47:06,8,7,1
2021-10-09 05:30:35,8,7,1
2021-10-09 12:55:45,8,7,1
2021-10-09 14:03:14,12,7,1
2021-10-09 20:03:09,8,7,1
2021-10-09 20:07:12,8,7,1
2021-10-09 23:47:26,12,7,1
2021-10-09 23:53:59,8,7,1
2021-10-10 01:22:46,8,7,1
2021-10-10 02:01:19,8,7,1
2021-10-10 02:24:19,12,7,1
2021-10-10 05:30:09,9,7,1
2021-10-10 05:30:09,12,7,1
2021-10-10 11:09:58,8,7,1
2021-10-10 12:32:33,8,7,1
2021-10-10 14:08:25,1,7,1
2021-10-10 14:19:05,8,7,1
2021-10-10 14:26:24,12,7,1
2021-10-10 14:37:16,8,7,1
2021-10-10 14:37:31,8,7,1
2021-10-10 15:51:58,8,7,1
2021-10-10 16:57:41,8,7,2
2021-10-10 17:02:08,8,7,1
2021-10-10 17:37:46,8,7,1
2021-10-10 18:16:42,23,7,1
2021-10-10 18:37:18,8,7,1
2021-10-10 19:01:45,8,7,1
2021-10-10 19:02:30,8,7,3
2021-10-10 19:50:40,8,7,1
2021-10-10 20:47:11,8,7,1
2021-10-10 21:26:33,8,7,1
2021-10-10 21:36:06,8,7,1
2021-10-11 00:22:34,8,7,1
2021-10-11 07:25:34,8,7,1
2021-10-11 11:58:09,8,7,1
2021-10-11 12:31:48,8,7,1
2021-10-11 20:50:14,8,7,1
2021-10-11 20:55:24,8,7,1
2021-10-12 00:24:02,8,7,1
2021-10-12 00:57:07,8,7,1
2021-10-12 01:56:31,8,7,1
2021-10-12 03:50:39,8,7,1
2021-10-12 14:37:09,8,7,1
2021-10-12 14:45:58,8,7,1
2021-10-12 17:03:23,8,7,2
2021-10-12 17:49:22,8,7,1
2021-10-12 18:40:41,8,7,1
2021-10-12 19:07:45,8,7,1
2021-10-12 23:06:15,8,7,1
2021-10-12 23:16:57,8,7,1
2021-10-13 00:07:08,8,7,1
2021-10-13 01:23:40,8,7,1
2021-10-13 01:45:24,1,7,1
2021-10-13 01:57:57,8,7,1
2021-10-13 02:06:36,8,7,1
2021-10-13 02:20:05,8,7,1
2021-10-13 02:22:38,8,7,1
2021-10-13 07:41:11,8,7,1
2021-10-13 11:53:01,8,7,1
2021-10-13 13:49:03,23,7,1
2021-10-13 15:29:59,8,7,1
2021-10-13 18:28:16,8,7,2
2021-10-13 19:58:44,8,7,1
2021-10-14 00:36:27,8,7,1
2021-10-14 00:40:07,8,7,2
2021-10-14 01:58:48,8,7,1
2021-10-14 12:56:08,8,7,1
2021-10-14 14:31:38,8,7,4
2021-10-14 14:37:45,8,7,1
2021-10-14 15:32:20,8,7,1
2021-10-14 17:34:54,8,7,1
2021-10-14 17:43:19,8,7,1
2021-10-14 19:05:11,8,7,1
2021-10-14 22:37:48,1,7,1
2021-10-14 23:30:34,8,7,1
2021-10-15 03:18:12,8,7,1
2021-10-15 03:56:11,8,7,1
2021-10-15 07:05:00,8,7,1
2021-10-15 14:05:37,8,7,1
2021-10-15 14:10:48,8,7,1
2021-10-15 14:27:32,8,7,1
2021-10-15 14:39:48,8,7,1
2021-10-15 16:53:55,8,7,1
2021-10-15 17:11:22,12,7,1
2021-10-15 17:48:49,8,7,1
2021-10-15 18:05:25,8,7,1
2021-10-15 18:45:29,8,7,1
2021-10-15 20:17:21,0,7,1
2021-10-16 11:48:07,8,7,1
2021-10-16 13:12:10,8,7,1
2021-10-16 15:41:37,8,7,3
2021-10-16 17:23:39,8,7,1
2021-10-16 19:35:43,8,7,1
2021-10-16 21:01:17,8,7,1
2021-10-16 21:18:24,8,7,1
2021-10-17 00:22:58,8,7,1
2021-10-17 01:16:36,9,7,1
2021-10-17 14:20:47,8,7,1
2021-10-17 15:27:10,7,7,1
2021-10-17 16:00:46,8,7,1
2021-10-17 19:34:37,8,7,1
2021-10-17 20:01:53,8,7,1
2021-10-17 21:01:24,8,7,1
2021-10-17 21:17:48,8,7,2
2021-10-05 23:39:28,5,7,2
2021-10-07 12:24:37,12,7,1
2021-10-07 12:27:33,12,7,1
2021-10-08 03:10:03,8,7,1
2021-10-08 03:13:36,8,7,1
2021-10-13 12:14:27,8,7,1
2021-10-17 14:19:58,8,7,1
2021-10-08 15:40:58,12,1,1
2021-10-09 03:07:06,23,1,1
2021-10-09 16:33:05,12,1,1
2021-10-09 18:40:01,23,1,1
2021-10-10 21:15:54,6,1,1
2021-10-11 15:39:40,8,1,1
2021-10-12 00:17:53,8,1,1
2021-10-12 23:44:47,23,1,1
2021-10-15 22:23:02,23,1,1
2021-10-16 17:39:30,23,1,1
2021-10-16 19:52:23,8,1,1
2021-10-16 22:48:41,8,1,1
2021-10-17 02:51:52,23,1,1
2021-10-17 13:52:13,8,7,1
2021-10-17 04:57:57,8,7,1
2021-10-16 00:05:29,9,7,1
2021-10-16 00:27:31,8,7,1
2021-10-14 18:33:04,8,7,1
2021-10-14 18:18:52,23,1,1
2021-10-14 15:57:35,8,7,1
2021-10-13 22:58:58,8,7,1
2021-10-13 23:25:22,23,7,1
2021-10-13 22:23:49,8,7,1
2021-10-13 17:55:53,8,1,1
2021-10-13 17:28:49,8,7,1
2021-10-12 22:03:38,8,7,1
2021-10-12 05:55:40,8,7,1
2021-10-11 23:13:10,8,7,1
2021-10-11 23:28:20,8,7,1
2021-10-10 23:07:33,8,7,1
2021-10-09 23:19:05,12,7,1
2021-10-07 19:17:09,8,7,6
2021-10-07 19:42:09,8,7,1
2021-10-07 19:43:11,8,7,1
2021-09-30 21:32:34,0,7,1
2021-09-30 21:34:09,8,7,2
2021-10-01 02:24:09,8,7,1
2021-10-01 12:15:05,12,7,1
2021-10-01 13:20:48,8,7,1
2021-10-01 16:50:12,8,7,1
2021-10-01 16:53:55,12,7,1
2021-10-01 18:21:50,8,7,3
2021-10-01 19:08:33,12,7,1
2021-10-01 20:45:52,12,7,1
2021-10-01 22:15:04,8,7,1
2021-10-02 12:20:02,12,7,1
2021-10-02 13:03:57,8,7,1
2021-10-02 13:08:40,8,7,1
2021-10-02 17:41:52,8,7,1
2021-10-02 17:51:26,8,7,1
2021-10-02 18:09:20,8,7,1
2021-10-02 19:13:56,12,7,2
2021-10-02 19:32:08,8,7,1
2021-10-02 21:04:34,8,7,1
2021-10-02 22:23:10,8,7,1
2021-10-03 00:32:16,8,7,1
2021-10-03 00:54:36,8,7,1
2021-10-03 14:14:35,8,7,3
2021-10-03 15:16:16,8,7,2
2021-10-03 17:28:01,8,7,1
2021-10-03 18:29:34,8,7,5
2021-10-03 20:21:45,12,7,1
2021-10-03 20:24:44,12,7,1
2021-10-03 21:16:35,8,7,1
2021-10-03 21:55:01,12,7,1
2021-10-04 12:24:34,12,7,1
2021-10-04 13:40:05,8,7,1
2021-10-04 16:36:50,8,7,1
2021-10-04 18:14:05,12,7,1
2021-10-04 19:12:54,12,7,1
2021-10-04 19:35:15,12,7,1
2021-10-04 21:07:41,8,7,1
2021-10-04 21:21:07,0,7,1
2021-10-05 02:36:35,12,7,2
2021-10-05 02:41:06,12,7,1
2021-10-05 02:43:43,8,7,1
2021-10-05 03:30:47,8,7,1
2021-10-05 07:18:31,8,7,1
2021-10-05 12:26:23,8,7,1
2021-10-05 13:50:22,8,7,1
2021-10-05 16:00:17,12,7,1
2021-10-05 16:50:44,9,7,1
2021-10-03 12:42:13,8,7,1
2021-10-04 14:13:38,8,7,1
2021-09-30 21:33:59,23,1,1
2021-10-01 13:52:37,8,1,1
2021-10-03 19:07:40,12,1,1
2021-10-04 14:31:58,23,1,1
2021-10-05 00:52:01,12,1,2
2021-10-03 23:18:24,12,7,1
2021-10-04 00:05:24,12,7,1
2021-10-04 00:59:04,12,7,1
2021-10-04 03:37:41,12,7,1
2021-10-04 02:35:15,12,1,1
2021-03-24 17:00:54,13,7,1
2021-04-24 19:38:09,16,7,1
2021-04-24 22:39:36,2,7,1
2021-05-24 03:03:43,0,7,1
2021-06-24 01:16:40,0,7,1
2021-06-24 01:24:42,16,7,1
2021-06-24 01:45:14,9,7,1
2021-06-24 03:20:20,12,7,1
2021-06-24 11:54:07,16,7,1
2021-06-24 14:04:08,16,7,1
2021-06-24 15:20:04,16,7,1
2021-06-24 16:02:48,16,7,1
2021-06-24 16:17:07,12,7,1
2021-06-24 18:47:26,16,7,1
2021-06-24 18:52:13,9,7,1
2021-06-24 22:16:13,23,7,1
2021-06-24 22:21:47,16,7,1
2021-06-24 04:11:12,16,7,1
2021-06-24 04:35:31,9,1,1
2021-07-24 01:19:15,0,7,1
2021-07-24 02:58:17,8,7,1
2021-07-24 03:29:35,19,7,1
2021-07-24 04:18:45,8,7,1
2021-07-24 05:04:52,6,7,1
2021-07-24 05:30:23,0,7,1
2021-07-24 10:17:37,8,7,1
2021-07-24 11:29:11,8,7,1
2021-07-24 15:32:53,23,7,2
2021-07-24 16:17:15,23,7,1
2021-07-24 17:49:44,23,7,1
2021-07-24 20:43:08,23,7,1
2021-07-24 22:19:36,0,7,2
2021-07-24 23:20:26,23,7,1
2021-07-24 23:27:40,9,7,1
2021-08-24 00:07:24,8,7,3
2021-08-24 01:27:26,12,7,1
2021-08-24 01:44:30,8,7,1
2021-08-24 01:53:31,12,7,1
2021-08-24 02:51:07,8,7,1
2021-08-24 02:53:51,8,7,1
2021-08-24 03:06:20,8,7,1
2021-08-24 03:15:18,8,7,1
2021-08-24 03:30:24,8,7,1
2021-08-24 03:36:27,9,7,1
2021-08-24 03:38:27,12,7,1
2021-08-24 03:52:14,12,7,1
2021-08-24 04:13:28,12,7,1
2021-08-24 04:26:56,8,7,1
2021-08-24 05:02:08,12,7,1
2021-08-24 08:10:38,0,7,1
2021-08-24 10:50:31,8,7,1
2021-08-24 11:33:38,12,7,1
2021-08-24 12:56:55,8,7,1
2021-08-24 13:11:22,12,2,1
2021-08-24 13:19:52,8,7,1
2021-08-24 13:28:20,0,7,1
2021-08-24 14:24:15,8,7,1
2021-08-24 16:01:37,8,7,1
2021-08-24 16:03:57,12,7,1
2021-08-24 16:19:28,0,7,1
2021-08-24 17:11:26,0,7,1
2021-08-24 18:35:20,8,7,1
2021-08-24 18:38:17,8,1,1
2021-08-24 19:49:24,8,7,1
2021-08-24 19:54:14,12,7,1
2021-08-24 21:05:25,8,7,1
2021-08-24 21:43:49,12,7,1
2021-08-24 23:14:35,8,7,1
2021-08-24 23:29:21,8,7,1
2021-08-24 23:59:28,12,0,1
2021-09-24 01:22:00,8,7,1
2021-09-24 03:43:35,12,7,1
2021-09-24 05:28:59,8,7,1
2021-09-24 11:39:50,12,7,1
2021-09-24 23:56:22,23,7,1
2021-09-25 03:13:40,8,7,1
2021-09-26 01:24:12,8,7,1
2021-09-26 18:34:39,12,7,1
2021-09-26 19:58:00,8,7,1
2021-09-26 22:40:47,23,7,1
2021-09-26 22:51:19,8,7,1
2021-09-27 00:33:40,8,7,1
2021-09-27 04:07:58,8,7,1
2021-09-27 09:58:28,8,4,1
2021-09-27 13:35:29,12,7,1
2021-09-27 19:02:49,8,7,1
2021-09-27 19:29:06,8,7,1
2021-09-27 19:50:12,8,7,1
2021-09-27 19:57:50,8,7,1
2021-09-27 20:37:12,8,7,1
2021-09-27 21:24:59,8,7,2
2021-09-27 23:02:59,12,7,1
2021-09-28 15:00:47,8,7,1
2021-09-29 01:30:24,8,7,1
2021-09-29 02:08:19,9,7,1
2021-09-29 20:32:13,8,7,1
2021-09-30 14:43:37,23,7,1
2021-09-30 15:33:17,12,7,1
2021-09-25 22:02:51,23,1,1
2021-09-26 17:44:02,23,1,1
2021-09-29 18:19:54,23,1,1
2021-09-30 04:56:16,8,7,1
2021-09-29 14:54:44,1,7,1
2021-09-26 23:03:40,8,7,1
2021-03-05 01:32:06,2,7,1
2021-03-06 16:33:59,0,7,2
2021-03-08 14:31:17,0,7,1
2021-03-13 06:47:12,2,7,1
2021-03-14 03:46:59,2,7,1
2021-03-21 02:54:06,16,7,1
2021-03-03 06:12:03,3,7,1
2021-03-05 06:34:38,12,7,1
2021-03-25 00:00:59,16,7,1
2021-03-25 00:08:21,15,7,1
2021-03-26 15:36:40,15,7,1
2021-03-29 04:06:31,0,7,2
2021-03-29 04:50:31,23,7,1
2021-03-29 14:07:06,14,7,1
2021-04-03 01:50:40,14,7,1
2021-04-03 14:24:21,14,7,1
2021-04-04 23:39:05,16,7,1
2021-04-05 03:11:33,0,7,1
2021-04-05 19:17:00,23,7,1
2021-04-06 00:46:28,16,7,1
2021-04-06 22:02:15,16,7,1
2021-04-07 03:03:24,0,7,1
2021-04-08 01:03:44,0,7,1
2021-04-08 13:10:06,16,7,1
2021-04-11 02:10:32,16,7,1
2021-04-13 17:45:38,16,7,1
2021-04-13 17:48:48,2,7,1
2021-04-16 19:07:26,23,7,1
2021-04-17 16:10:52,15,7,2
2021-04-18 04:29:55,2,7,1
2021-04-20 20:24:53,0,7,1
2021-04-21 08:27:50,14,7,1
2021-04-21 12:28:54,16,7,1
2021-04-21 22:55:12,16,7,1
2021-04-22 08:39:18,0,7,1
2021-04-22 09:52:37,0,7,1
2021-04-22 15:30:07,16,7,1
2021-04-22 18:34:33,16,7,1
2021-04-22 23:08:42,23,7,1
2021-04-23 14:24:54,0,7,1
2021-04-05 09:43:48,0,7,1
2021-04-09 05:44:47,16,7,1
2021-04-13 14:09:31,16,7,1
2021-04-19 05:41:28,0,7,2
2021-04-20 09:35:43,25,7,1
2021-04-20 09:39:22,0,7,1
2021-04-23 05:27:34,3,7,1
2021-04-23 10:03:28,3,6,3
2021-04-16 12:18:58,13,1,2
2021-04-25 16:04:06,16,7,2
2021-04-26 00:13:28,16,7,1
2021-04-26 05:04:21,23,7,1
2021-04-26 06:51:14,16,7,1
2021-04-26 11:38:58,16,7,1
2021-04-26 22:19:29,16,7,1
2021-04-27 12:49:28,0,7,1
2021-04-27 13:32:16,16,7,1
2021-04-28 03:33:47,16,7,1
2021-04-28 11:26:45,2,7,1
2021-04-28 15:16:40,2,7,1
2021-04-28 16:41:11,2,7,1
2021-04-28 19:48:36,0,7,1
2021-04-29 00:44:18,2,7,1
2021-04-29 00:59:03,12,7,1
2021-04-29 01:18:13,12,7,1
2021-04-29 03:52:41,14,7,1
2021-04-29 14:25:10,2,7,1
2021-04-29 16:18:03,2,7,1
2021-04-29 19:11:44,8,7,1
2021-04-29 19:28:50,2,7,1
2021-04-29 20:53:04,23,7,1
2021-04-30 03:59:44,16,7,1
2021-04-30 04:00:27,12,7,1
2021-04-30 04:40:31,12,7,1
2021-04-30 18:22:21,14,7,1
2021-04-30 22:10:35,23,7,1
2021-04-30 22:54:49,23,7,1
2021-05-01 03:03:26,2,7,12
2021-05-01 03:34:15,2,7,1
2021-05-01 04:31:29,2,7,1
2021-05-01 05:11:03,12,7,1
2021-05-01 15:16:27,16,7,1
2021-05-01 17:39:46,2,7,3
2021-05-01 17:51:25,2,7,1
2021-05-02 00:55:48,2,7,1
2021-05-02 02:18:39,2,7,1
2021-05-02 03:36:16,2,7,1
2021-05-02 08:02:29,2,7,1
2021-05-02 12:34:23,2,7,1
2021-05-02 14:59:55,2,7,1
2021-05-02 22:48:06,2,7,4
2021-05-03 00:40:53,2,7,1
2021-05-03 00:56:42,2,7,1
2021-05-03 13:43:31,2,7,1
2021-05-03 16:11:49,8,7,1
2021-05-03 16:12:14,2,7,1
2021-05-03 16:26:04,2,7,1
2021-05-03 17:01:56,0,7,1
2021-05-03 17:10:50,2,7,1
2021-05-03 17:47:13,12,7,1
2021-05-03 19:43:19,12,7,1
2021-05-03 22:07:53,6,7,1
2021-05-03 22:13:22,2,7,1
2021-05-03 23:50:51,2,7,1
2021-05-04 00:14:26,2,7,1
2021-05-04 01:45:33,2,7,1
2021-05-04 02:00:31,2,7,1
2021-05-04 13:35:24,27,7,3
2021-05-04 15:31:39,27,7,1
2021-05-05 02:24:36,16,7,1
2021-05-05 03:18:54,12,7,1
2021-05-05 07:14:21,12,7,1
2021-05-06 21:25:39,27,7,1
2021-05-07 00:51:39,16,7,1
2021-05-07 03:06:40,0,7,1
2021-05-07 07:16:22,16,7,1
2021-05-07 17:18:50,23,7,1
2021-05-09 01:28:00,16,7,1
2021-05-11 17:06:58,16,7,1
2021-05-11 17:44:54,12,7,1
2021-05-11 20:21:56,27,7,1
2021-05-12 01:41:00,16,7,2
2021-05-13 14:12:34,23,7,1
2021-05-15 18:59:07,0,7,1
2021-05-15 20:49:30,16,7,1
2021-05-15 22:03:38,27,7,1
2021-05-16 14:37:51,15,7,1
2021-05-16 23:18:40,14,7,1
2021-05-17 03:01:25,27,7,1
2021-05-18 04:32:34,16,7,1
2021-05-18 21:45:40,16,7,1
2021-05-19 14:27:11,0,7,1
2021-05-21 15:43:15,0,7,2
2021-05-22 18:42:59,12,7,1
2021-05-23 18:28:48,9,7,1
2021-04-26 06:02:17,3,6,1
2021-04-26 06:29:56,25,7,1
2021-04-26 06:32:04,0,7,1
2021-04-26 07:17:59,6,7,1
2021-04-28 05:11:30,3,7,1
2021-04-29 08:44:33,8,7,1
2021-05-03 05:38:19,16,7,1
2021-05-03 05:40:11,16,7,1
2021-05-04 09:47:49,0,7,1
2021-05-04 09:49:51,16,7,1
2021-05-07 05:23:32,0,6,1
2021-05-07 05:26:13,22,7,1
2021-05-07 05:30:39,6,7,1
2021-05-10 05:15:00,16,7,1
2021-05-12 05:29:48,28,6,2
2021-05-12 05:35:32,0,7,1
2021-05-12 05:44:22,28,7,7
2021-05-20 09:18:16,16,7,1
2021-05-03 21:45:39,12,1,1
2021-05-03 23:52:41,24,1,1
2021-05-06 03:01:25,12,1,1
2021-05-06 22:13:57,6,1,1
2021-05-13 15:26:52,12,1,1
2021-05-14 19:34:35,6,1,1
2021-05-16 00:58:34,12,1,1
2021-05-16 15:47:00,21,1,1
2021-05-19 20:28:02,12,1,1
2021-05-22 19:25:25,12,1,1
2021-05-19 20:41:39,8,5,1
2021-05-26 05:19:10,23,7,1
2021-05-26 10:02:03,12,7,1
2021-05-26 19:01:00,8,7,1
2021-05-27 14:05:06,9,7,1
2021-05-28 14:38:41,16,7,1
2021-05-29 12:00:33,16,7,1
2021-05-29 16:43:27,8,7,1
2021-05-30 10:34:33,16,7,1
2021-05-30 18:34:18,8,7,1
2021-05-30 18:50:24,9,7,1
2021-05-30 23:59:21,6,7,1
2021-05-31 02:20:34,9,7,1
2021-06-01 20:39:01,12,7,1
2021-06-01 23:09:58,9,7,1
2021-06-02 01:48:49,8,7,1
2021-06-02 03:13:03,12,7,1
2021-06-02 03:18:14,12,7,1
2021-06-02 20:34:03,23,7,1
2021-06-03 00:53:38,6,7,1
2021-06-03 03:05:55,9,7,1
2021-06-03 03:11:00,9,7,1
2021-06-03 13:10:10,9,7,1
2021-06-03 13:52:19,12,7,1
2021-06-03 17:02:06,23,7,2
2021-06-03 18:55:27,12,7,1
2021-06-04 13:55:24,8,7,1
2021-06-04 14:50:02,12,7,2
2021-06-04 19:17:51,12,7,1
2021-06-05 00:04:46,12,7,1
2021-06-05 19:48:48,12,7,1
2021-06-05 22:11:29,9,7,1
2021-06-05 22:38:34,9,7,1
2021-06-06 00:46:35,6,7,1
2021-06-06 01:34:13,8,7,1
2021-06-06 21:49:29,0,7,2
2021-06-06 22:22:14,9,7,1
2021-06-06 23:44:24,9,7,1
2021-06-07 02:12:56,12,7,1
2021-06-07 04:58:12,12,7,1
2021-06-07 18:30:33,12,7,1
2021-06-07 20:06:35,12,7,1
2021-06-08 03:06:12,8,7,2
2021-06-08 04:03:10,9,7,1
2021-06-08 16:50:16,12,7,1
2021-06-08 19:03:08,12,7,1
2021-06-08 21:39:38,12,7,1
2021-06-08 22:32:20,12,7,1
2021-06-08 23:23:02,9,7,1
2021-06-09 03:12:50,23,7,1
2021-06-09 04:16:49,8,7,1
2021-06-09 05:21:44,12,7,1
2021-06-09 07:01:42,12,7,1
2021-06-09 15:08:42,12,7,1
2021-06-09 17:57:54,12,7,1
2021-06-09 21:28:25,8,7,1
2021-06-10 01:09:01,12,7,1
2021-06-10 01:14:27,12,7,1
2021-06-10 02:54:58,12,7,4
2021-06-10 04:40:13,12,7,1
2021-06-10 12:14:25,9,7,1
2021-06-11 00:59:04,0,7,1
2021-06-11 01:07:58,16,7,1
2021-06-12 00:04:00,16,7,1
2021-06-12 00:21:39,12,7,1
2021-06-12 01:31:11,8,7,1
2021-06-12 01:43:36,12,7,2
2021-06-12 15:47:22,8,7,1
2021-06-12 22:37:45,9,7,1
2021-06-13 00:55:34,16,7,1
2021-06-13 01:25:13,9,7,1
2021-06-13 01:29:56,12,7,1
2021-06-13 14:21:24,12,7,1
2021-06-13 19:49:08,12,7,1
2021-06-13 21:36:13,16,7,1
2021-06-13 21:42:49,16,7,1
2021-06-13 23:31:29,9,7,1
2021-06-14 15:08:56,12,7,1
2021-06-14 16:31:02,9,7,1
2021-06-14 17:36:34,12,7,1
2021-06-14 18:01:50,16,7,1
2021-06-14 19:05:44,12,7,1
2021-06-14 20:21:56,8,7,1
2021-06-14 22:34:10,8,7,1
2021-06-14 22:47:01,12,7,1
2021-06-14 22:53:45,9,7,1
2021-06-14 23:21:12,12,7,2
2021-06-15 00:58:16,12,7,2
2021-06-15 01:36:02,12,7,1
2021-06-15 03:53:47,12,7,1
2021-06-15 05:18:56,12,7,1
2021-06-15 07:48:38,12,7,1
2021-06-15 12:06:11,12,7,1
2021-06-15 12:35:34,9,7,1
2021-06-15 13:19:50,16,7,6
2021-06-15 16:49:35,12,7,2
2021-06-15 18:39:11,12,7,1
2021-06-15 19:17:38,9,7,1
2021-06-15 19:22:04,12,7,1
2021-06-15 20:11:48,12,7,1
2021-06-15 21:28:56,9,7,1
2021-06-15 21:37:07,12,7,1
2021-06-15 21:43:04,12,7,1
2021-06-16 00:20:32,9,7,1
2021-06-16 01:11:32,16,7,1
2021-06-16 02:26:36,12,7,1
2021-06-16 02:38:06,12,7,1
2021-06-16 03:19:40,12,7,6
2021-06-16 03:42:01,16,7,1
2021-06-16 12:59:02,12,7,4
2021-06-16 13:02:04,12,7,1
2021-06-16 13:49:45,16,7,1
2021-06-16 18:20:20,12,7,1
2021-06-16 18:34:19,9,7,1
2021-06-16 18:38:46,12,7,1
2021-06-16 18:55:16,16,7,1
2021-06-16 19:07:57,12,7,1
2021-06-16 19:59:21,12,7,1
2021-06-16 22:33:26,12,7,1
2021-06-16 23:16:38,16,7,1
2021-06-16 23:36:42,12,7,1
2021-06-16 23:55:33,12,7,4
2021-06-17 01:28:03,12,7,2
2021-06-17 01:41:49,12,7,1
2021-06-17 01:59:10,8,7,1
2021-06-17 02:09:02,12,7,1
2021-06-17 02:14:41,12,7,1
2021-06-17 02:58:12,12,7,1
2021-06-17 03:52:20,9,7,1
2021-06-17 03:53:07,9,7,1
2021-06-17 04:02:50,12,7,1
2021-06-17 04:18:20,12,7,1
2021-06-17 04:27:17,12,7,1
2021-06-17 05:35:24,12,7,1
2021-06-17 05:36:00,12,7,1
2021-06-17 10:00:42,8,7,1
2021-06-17 11:39:16,12,7,1
2021-06-17 13:59:38,12,7,1
2021-06-17 14:01:35,12,7,1
2021-06-17 15:16:26,6,7,1
2021-06-17 15:17:29,12,7,1
2021-06-17 17:08:19,12,7,1
2021-06-17 17:15:53,12,7,1
2021-06-17 18:25:08,12,7,1
2021-06-17 18:26:11,16,7,1
2021-06-17 18:56:18,12,7,1
2021-06-17 19:08:50,9,7,1
2021-06-17 19:24:14,12,7,5
2021-06-17 20:39:01,12,7,1
2021-06-17 20:40:24,12,7,1
2021-06-17 21:12:01,12,7,1
2021-06-17 22:21:37,12,7,1
2021-06-18 00:04:54,12,7,1
2021-06-18 00:41:01,9,7,1
2021-06-18 00:58:34,12,7,1
2021-06-18 03:27:52,16,7,1
2021-06-18 09:34:15,6,7,1
2021-06-18 20:07:06,12,7,1
2021-06-18 20:52:53,9,7,1
2021-06-18 21:18:00,9,7,1
2021-06-18 21:18:00,8,7,1
2021-06-18 21:35:02,6,7,1
2021-06-18 23:55:22,8,7,1
2021-06-19 01:01:58,8,7,1
2021-06-19 05:25:05,12,7,1
2021-06-19 12:06:51,16,7,1
2021-06-19 12:35:13,12,7,1
2021-06-19 17:53:48,9,7,1
2021-06-19 18:10:44,12,7,1
2021-06-19 18:33:27,16,7,1
2021-06-20 15:07:34,9,7,1
2021-06-20 16:39:42,16,7,1
2021-06-20 16:43:49,16,7,1
2021-06-20 18:07:15,16,7,1
2021-06-20 19:44:18,9,7,1
2021-06-20 22:46:38,9,7,1
2021-06-21 00:59:14,12,1,1
2021-06-21 01:06:42,9,7,1
2021-06-21 01:11:41,19,7,1
2021-06-21 06:28:51,12,7,1
2021-06-21 09:50:35,12,7,1
2021-06-21 09:59:24,16,7,1
2021-06-21 10:30:49,12,7,1
2021-06-21 10:47:17,12,7,1
2021-06-21 12:03:41,12,7,1
2021-06-21 12:15:42,12,7,1
2021-06-21 12:16:45,6,7,1
2021-06-21 12:35:04,12,7,1
2021-06-21 13:05:09,12,7,1
2021-06-21 13:20:54,12,7,2
2021-06-21 13:23:24,12,7,1
2021-06-21 13:25:25,12,7,1
2021-06-21 14:01:29,16,7,1
2021-06-21 14:05:53,12,7,1
2021-06-21 14:18:06,12,7,1
2021-06-21 14:18:17,16,7,1
2021-06-21 14:20:20,12,7,1
2021-06-21 14:25:39,12,7,1
2021-06-21 14:34:10,12,7,1
2021-06-21 14:34:46,12,7,4
2021-06-21 14:35:03,16,7,1
2021-06-21 14:35:12,12,7,1
2021-06-21 14:50:19,12,7,1
2021-06-21 15:07:10,12,7,1
2021-06-21 15:08:59,12,7,1
2021-06-21 15:13:33,12,7,1
2021-06-21 15:14:07,12,7,1
2021-06-21 15:31:39,12,7,1
2021-06-21 15:32:48,16,7,1
2021-06-21 15:33:18,12,7,1
2021-06-21 15:33:56,9,7,1
2021-06-21 15:35:53,12,7,1
2021-06-21 15:37:35,12,7,1
2021-06-21 15:52:11,12,7,1
2021-06-21 15:52:40,12,7,1
2021-06-21 15:53:32,12,7,1
2021-06-21 15:56:43,6,7,1
2021-06-21 16:07:03,12,7,2
2021-06-21 16:09:52,6,7,1
2021-06-21 16:10:51,6,7,1
2021-06-21 16:24:39,12,7,1
2021-06-21 16:26:37,12,7,1
2021-06-21 16:31:18,12,7,1
2021-06-21 16:35:16,16,7,1
2021-06-21 16:39:29,12,7,1
2021-06-21 16:41:45,12,7,1
2021-06-21 16:44:26,12,7,1
2021-06-21 16:45:26,12,7,1
2021-06-21 16:49:49,12,7,1
2021-06-21 16:50:44,12,7,1
2021-06-21 16:55:28,12,7,1
2021-06-21 16:57:41,16,7,1
2021-06-21 17:22:52,12,7,1
2021-06-21 17:37:18,6,7,1
2021-06-21 17:37:34,16,7,1
2021-06-21 17:46:13,9,7,1
2021-06-21 18:03:17,12,7,1
2021-06-21 18:05:51,12,7,1
2021-06-21 18:10:21,12,7,1
2021-06-21 18:12:11,12,7,1
2021-06-21 18:32:38,12,7,2
2021-06-21 18:36:56,16,7,2
2021-06-21 18:53:45,16,7,1
2021-06-21 18:57:07,12,7,1
2021-06-21 18:58:08,12,7,1
2021-06-21 19:06:14,6,7,1
2021-06-21 19:07:11,16,7,1
2021-06-21 19:27:10,12,7,1
2021-06-21 19:50:34,12,7,1
2021-06-21 19:56:15,9,7,1
2021-06-21 20:01:31,12,7,1
2021-06-21 20:01:35,12,7,1
2021-06-21 20:03:43,12,7,1
2021-06-21 20:08:20,16,7,1
2021-06-21 20:15:26,12,7,1
2021-06-21 20:18:07,16,7,1
2021-06-21 20:40:24,12,7,1
2021-06-21 20:44:39,12,7,2
2021-06-21 20:49:39,12,7,1
2021-06-21 20:53:15,12,7,1
2021-06-21 21:03:25,12,7,1
2021-06-21 21:04:23,12,7,1
2021-06-21 21:16:50,12,7,1
2021-06-21 21:19:14,12,7,1
2021-06-21 21:20:27,12,7,1
2021-06-21 21:20:52,12,7,1
2021-06-21 21:21:46,16,7,1
2021-06-21 21:29:05,12,7,1
2021-06-21 21:30:20,16,7,2
2021-06-21 21:34:21,12,7,1
2021-06-21 21:39:03,12,7,1
2021-06-21 21:41:13,16,7,1
2021-06-21 21:42:15,12,7,1
2021-06-21 21:49:18,8,7,1
2021-06-21 21:57:15,12,7,1
2021-06-21 22:03:13,16,7,1
2021-06-21 22:07:12,16,7,1
2021-06-21 22:19:23,12,7,1
2021-06-21 22:20:25,6,7,1
2021-06-21 22:35:36,12,7,1
2021-06-21 22:50:45,12,7,1
2021-06-21 23:06:54,12,7,1
2021-06-21 23:09:14,12,7,1
2021-06-21 23:16:00,12,7,2
2021-06-21 23:19:49,12,7,1
2021-06-21 23:30:28,12,7,1
2021-06-21 23:38:09,12,7,1
2021-06-21 23:43:08,12,7,1
2021-06-21 23:59:28,16,7,2
2021-06-22 00:05:31,6,7,1
2021-06-22 00:11:35,12,7,1
2021-06-22 00:11:43,12,7,1
2021-06-22 00:13:11,12,7,1
2021-06-22 00:15:19,12,7,1
2021-06-22 00:24:42,12,7,14
2021-06-22 00:30:27,12,7,1
2021-06-22 00:46:02,12,7,1
2021-06-22 01:09:13,12,7,1
2021-06-22 01:10:45,12,7,1
2021-06-22 01:11:54,12,7,1
2021-06-22 01:21:13,12,7,1
2021-06-22 01:25:53,16,7,1
2021-06-22 01:27:48,12,7,1
2021-06-22 01:28:53,12,7,1
2021-06-22 02:00:12,16,7,1
2021-06-22 02:01:55,12,7,1
2021-06-22 02:15:55,12,7,1
2021-06-22 02:17:14,12,7,2
2021-06-22 02:24:00,12,7,1
2021-06-22 02:24:03,12,7,1
2021-06-22 02:25:36,12,7,1
2021-06-22 02:29:09,12,7,1
2021-06-22 02:29:14,6,7,1
2021-06-22 02:37:49,9,7,1
2021-06-22 02:49:45,16,7,1
2021-06-22 02:52:09,9,7,1
2021-06-22 02:59:30,12,7,1
2021-06-22 03:02:59,16,7,1
2021-06-22 03:14:10,16,7,1
2021-06-22 03:16:16,16,7,1
2021-06-22 03:18:37,16,7,1
2021-06-22 03:34:59,12,7,5
2021-06-22 03:36:30,12,7,1
2021-06-22 03:40:48,12,7,1
2021-06-22 03:41:00,12,7,2
2021-06-22 03:44:40,16,7,1
2021-06-22 03:48:42,12,7,1
2021-06-22 04:01:22,18,7,1
2021-06-22 04:06:02,12,7,10
2021-06-22 04:38:01,12,7,12
2021-06-22 04:55:02,12,7,1
2021-06-22 05:55:26,12,7,1
2021-06-22 06:04:19,12,7,1
2021-06-22 07:25:12,12,7,1
2021-06-22 09:42:00,12,7,1
2021-06-22 10:13:27,12,7,1
2021-06-22 10:19:36,16,7,1
2021-06-22 10:33:48,12,7,1
2021-06-22 12:12:34,12,7,1
2021-06-22 12:23:54,12,7,1
2021-06-22 12:50:18,16,7,2
2021-06-22 13:03:42,16,7,1
2021-06-22 13:11:22,16,7,2
2021-06-22 13:13:11,16,7,1
2021-06-22 13:19:23,16,7,1
2021-06-22 13:20:58,12,7,1
2021-06-22 13:24:43,12,7,1
2021-06-22 13:28:34,12,7,1
2021-06-22 13:29:23,12,7,4
2021-06-22 13:30:24,12,7,1
2021-06-22 13:42:10,16,7,2
2021-06-22 13:59:43,16,7,10
2021-06-22 14:02:17,12,7,2
2021-06-22 14:12:36,16,7,2
2021-06-22 14:20:33,12,7,4
2021-06-22 14:23:05,12,7,1
2021-06-22 14:28:25,12,7,1
2021-06-22 14:32:52,16,7,1
2021-06-22 14:50:01,12,7,6
2021-06-22 14:52:58,12,7,1
2021-06-22 15:09:47,12,7,1
2021-06-22 15:17:52,12,7,1
2021-06-22 15:31:07,12,7,1
2021-06-22 15:55:26,16,7,2
2021-06-22 16:01:50,12,7,6
2021-06-22 16:19:33,12,7,1
2021-06-22 16:23:53,12,7,1
2021-06-22 16:26:00,12,7,9
2021-06-22 16:54:26,16,7,2
2021-06-22 16:54:49,12,7,1
2021-06-22 17:11:09,6,7,1
2021-06-22 17:12:47,12,7,1
2021-06-22 17:22:22,16,7,1
2021-06-22 17:24:08,12,7,1
2021-06-22 17:33:06,12,7,1
2021-06-22 17:33:14,9,7,1
2021-06-22 17:52:03,16,7,1
2021-06-22 18:06:24,16,7,1
2021-06-22 18:30:20,12,7,1
2021-06-22 18:32:54,16,7,1
2021-06-22 18:38:21,12,7,1
2021-06-22 18:38:41,16,7,1
2021-06-22 18:39:03,9,7,1
2021-06-22 18:48:19,16,7,1
2021-06-22 18:57:08,12,7,4
2021-06-22 18:58:41,18,7,1
2021-06-22 19:25:08,9,7,1
2021-06-22 19:27:33,12,7,1
2021-06-22 19:29:51,16,7,1
2021-06-22 19:34:24,12,7,1
2021-06-22 19:37:29,16,7,1
2021-06-22 19:38:15,6,7,1
2021-06-22 19:40:04,12,7,1
2021-06-22 19:42:23,12,7,1
2021-06-22 19:49:36,12,7,1
2021-06-22 19:51:05,12,7,1
2021-06-22 20:08:51,12,7,1
2021-06-22 20:15:23,12,7,1
2021-06-22 20:33:01,12,7,1
2021-06-22 20:35:59,9,7,1
2021-06-22 21:19:56,12,7,1
2021-06-22 21:25:25,12,7,1
2021-06-22 21:50:31,12,7,1
2021-06-22 22:08:57,12,7,1
2021-06-22 22:12:48,12,7,2
2021-06-22 22:12:59,12,7,1
2021-06-22 22:21:03,12,7,4
2021-06-22 22:25:35,12,7,1
2021-06-22 22:29:12,12,7,1
2021-06-22 22:41:35,12,7,1
2021-06-22 22:42:41,8,7,2
2021-06-22 22:43:36,12,7,1
2021-06-22 22:50:40,16,7,1
2021-06-22 22:58:36,12,7,1
2021-06-22 23:02:55,6,7,1
2021-06-22 23:07:05,12,7,1
2021-06-22 23:09:06,16,7,1
2021-06-22 23:12:49,12,7,1
2021-06-22 23:15:00,12,7,1
2021-06-22 23:19:46,16,7,1
2021-06-22 23:22:26,12,7,1
2021-06-22 23:27:07,16,7,1
2021-06-22 23:39:34,12,7,1
2021-06-22 23:40:01,16,7,1
2021-06-22 23:40:48,12,7,1
2021-06-22 23:51:23,16,7,1
2021-06-22 23:52:57,12,7,1
2021-06-22 23:54:23,12,7,1
2021-06-22 23:54:56,16,7,1
2021-06-23 00:22:31,12,7,1
2021-06-23 00:27:26,16,7,2
2021-06-23 00:28:27,12,7,2
2021-06-23 00:29:49,16,7,1
2021-06-23 00:30:22,12,7,1
2021-06-23 00:37:42,12,7,1
2021-06-23 00:38:25,23,7,1
2021-06-23 00:40:15,12,7,1
2021-06-23 00:46:57,12,7,1
2021-06-23 00:48:34,12,7,1
2021-06-23 00:49:08,16,7,4
2021-06-23 00:53:18,12,7,1
2021-06-23 00:54:46,12,7,1
2021-06-23 00:55:35,9,7,2
2021-06-23 01:43:40,16,7,1
2021-06-23 01:49:49,16,7,1
2021-06-23 01:52:24,16,7,1
2021-06-23 02:01:14,16,7,1
2021-06-23 02:05:05,6,7,1
2021-06-23 02:16:20,6,7,1
2021-06-23 02:26:30,6,7,1
2021-06-23 02:45:38,6,7,1
2021-06-23 02:47:30,16,7,1
2021-06-23 02:50:16,16,7,1
2021-06-23 03:27:16,16,7,1
2021-06-23 03:27:44,6,7,1
2021-06-23 03:30:19,16,7,1
2021-06-23 04:02:28,12,7,1
2021-06-23 04:13:57,16,7,1
2021-06-23 04:15:00,16,7,1
2021-06-23 04:19:04,16,7,1
2021-06-23 04:20:38,16,7,2
2021-06-23 05:08:02,6,7,1
2021-06-23 06:18:35,16,7,1
2021-06-23 06:30:28,16,7,2
2021-06-23 06:59:39,6,7,1
2021-06-23 12:11:21,16,7,1
2021-06-23 12:13:51,16,7,1
2021-06-23 14:29:54,16,7,1
2021-06-23 17:58:25,16,7,1
2021-06-23 19:38:08,16,7,1
2021-06-23 19:48:16,12,7,1
2021-05-25 10:03:32,23,7,1
2021-05-26 03:08:33,26,7,1
2021-05-31 03:38:00,10,7,1
2021-05-31 03:41:29,12,6,1
2021-05-31 03:48:32,16,7,1
2021-06-01 11:05:09,6,7,1
2021-06-02 04:29:55,26,7,1
2021-06-05 22:13:11,16,7,1
2021-06-07 04:38:38,12,6,1
2021-06-09 07:37:30,0,7,2
2021-06-10 04:49:46,26,7,1
2021-06-10 04:51:52,12,7,1
2021-06-11 04:23:48,12,6,1
2021-06-14 03:42:56,26,7,1
2021-06-15 04:55:25,20,7,1
2021-06-15 06:03:40,12,6,3
2021-06-18 03:24:22,9,7,1
2021-06-20 22:10:17,12,7,1
2021-06-21 03:16:21,16,7,2
2021-06-22 03:47:49,26,7,1
2021-06-05 11:15:55,13,1,1
2021-06-13 21:19:58,8,1,1
2021-06-16 17:45:31,12,1,1
2021-06-18 00:37:34,6,1,1
2021-06-18 23:16:13,6,1,1
2021-06-19 03:38:31,6,1,1
2021-06-20 15:13:11,23,1,1
2021-06-21 12:40:03,16,1,1
2021-06-23 18:31:49,16,1,1
2021-06-09 00:41:14,23,5,1
2021-06-25 00:15:06,16,7,1
2021-06-25 02:53:41,8,7,1
2021-06-25 04:04:15,12,7,1
2021-06-25 04:42:49,12,7,1
2021-06-25 04:52:02,12,7,1
2021-06-25 11:42:32,16,7,1
2021-06-25 12:45:37,16,7,1
2021-06-25 13:02:58,0,3,1
2021-06-25 21:31:32,16,7,1
2021-06-25 22:19:23,0,7,1
2021-06-25 23:44:50,16,7,1
2021-06-26 03:19:14,16,7,1
2021-06-26 04:01:03,16,7,1
2021-06-26 04:41:11,12,7,3
2021-06-26 08:26:56,16,7,1
2021-06-26 15:19:44,23,7,1
2021-06-26 15:59:21,12,7,1
2021-06-26 20:52:38,23,1,1
2021-06-26 21:13:25,6,7,1
2021-06-26 21:32:28,12,7,1
2021-06-27 01:49:21,12,7,1
2021-06-27 02:32:09,16,7,1
2021-06-27 04:05:42,16,7,1
2021-06-27 04:29:05,23,7,1
2021-06-27 06:32:32,6,7,1
2021-06-27 15:43:22,12,7,1
2021-06-27 18:21:20,16,7,1
2021-06-27 18:55:58,23,7,1
2021-06-27 22:42:06,12,7,1
2021-06-28 22:41:41,9,7,1
2021-06-29 00:43:15,19,7,1
2021-06-29 12:42:57,9,7,1
2021-06-29 18:43:57,23,7,1
2021-06-29 19:54:34,19,7,2
2021-06-30 00:22:48,12,7,1
2021-06-30 02:48:12,12,7,1
2021-06-30 05:27:29,9,7,1
2021-06-30 06:17:11,1,7,1
2021-06-30 12:10:40,9,7,1
2021-06-30 19:10:43,12,7,1
2021-07-01 02:07:14,12,7,1
2021-07-01 02:54:25,8,7,1
2021-07-01 09:47:59,9,7,1
2021-07-01 18:10:54,6,7,1
2021-07-02 01:49:43,12,7,1
2021-07-02 14:36:20,9,7,1
2021-07-02 18:09:27,9,7,1
2021-07-02 19:16:11,18,7,1
2021-07-02 20:21:22,12,7,1
2021-07-02 21:23:30,12,7,1
2021-07-02 21:40:31,9,7,1
2021-07-03 15:17:12,12,7,1
2021-07-03 21:26:02,8,7,1
2021-07-04 17:46:47,18,7,1
2021-07-04 19:54:01,0,7,1
2021-07-04 20:17:41,9,7,1
2021-07-05 17:26:10,8,7,1
2021-07-05 20:41:06,12,7,1
2021-07-05 21:24:31,1,7,1
2021-07-05 23:11:18,9,7,1
2021-07-05 23:49:24,9,7,1
2021-07-06 18:01:29,23,7,1
2021-07-07 04:11:01,8,7,1
2021-07-07 06:47:41,0,7,1
2021-07-07 16:42:36,6,7,1
2021-07-07 18:13:37,9,7,1
2021-07-07 23:36:19,12,7,1
2021-07-08 00:46:13,9,7,1
2021-07-08 14:16:18,9,7,1
2021-07-08 16:42:24,12,7,1
2021-07-08 18:19:55,8,7,1
2021-07-08 20:11:05,6,7,1
2021-07-08 22:07:44,6,7,1
2021-07-09 03:09:05,9,7,1
2021-07-09 15:06:13,12,7,1
2021-07-09 23:24:00,12,7,1
2021-07-10 01:07:36,12,7,1
2021-07-10 13:07:59,16,7,1
2021-07-10 19:28:42,12,7,1
2021-07-10 22:32:17,12,7,1
2021-07-11 00:56:33,9,7,1
2021-07-11 01:31:15,6,7,1
2021-07-11 06:07:40,9,7,1
2021-07-11 11:19:11,12,7,1
2021-07-11 14:16:31,16,7,1
2021-07-11 14:52:30,6,7,1
2021-07-11 18:31:45,12,7,1
2021-07-11 20:03:10,0,7,1
2021-07-11 20:44:54,8,7,1
2021-07-12 04:59:44,0,7,1
2021-07-12 13:33:14,9,7,1
2021-07-12 20:43:11,12,7,1
2021-07-13 00:32:16,0,7,4
2021-07-13 13:32:30,16,7,1
2021-07-13 18:05:09,8,7,1
2021-07-13 19:21:52,23,7,1
2021-07-13 22:32:19,9,7,1
2021-07-14 16:48:43,8,7,1
2021-07-14 17:45:49,8,7,1
2021-07-14 21:05:04,0,7,1
2021-07-14 21:29:35,8,7,1
2021-07-14 22:26:47,9,7,1
2021-07-14 23:07:29,8,7,1
2021-07-15 03:15:59,8,7,1
2021-07-15 04:14:54,12,7,1
2021-07-15 05:58:14,6,7,1
2021-07-15 21:52:40,8,7,1
2021-07-16 00:42:32,9,7,1
2021-07-16 03:40:20,9,7,1
2021-07-16 03:56:10,9,7,1
2021-07-16 06:37:46,8,7,1
2021-07-16 11:38:41,0,7,2
2021-07-16 16:44:20,9,7,1
2021-07-16 16:49:13,12,7,1
2021-07-17 00:51:02,8,7,1
2021-07-17 19:30:14,6,7,1
2021-07-17 21:31:19,0,7,1
2021-07-19 01:49:06,9,7,1
2021-07-19 02:36:06,0,7,1
2021-07-19 02:38:14,8,7,1
2021-07-19 03:02:51,6,7,1
2021-07-19 19:22:34,9,7,1
2021-07-19 19:49:51,8,7,1
2021-07-20 00:23:18,9,1,1
2021-07-20 00:33:07,0,7,1
2021-07-20 02:28:10,0,7,1
2021-07-20 03:37:06,9,7,1
2021-07-20 22:48:24,8,7,1
2021-07-20 22:49:22,0,7,1
2021-07-20 23:03:31,12,7,1
2021-07-20 23:36:09,0,7,1
2021-07-21 00:00:44,0,7,1
2021-07-21 00:52:08,9,7,1
2021-07-21 03:16:59,0,7,1
2021-07-21 12:37:13,0,7,1
2021-07-21 14:48:12,8,7,1
2021-07-21 16:40:06,8,7,1
2021-07-21 17:13:05,12,7,1
2021-07-21 23:10:06,12,7,1
2021-07-22 02:06:00,0,7,1
2021-07-22 03:16:31,6,7,1
2021-07-22 20:48:10,0,7,1
2021-07-22 21:00:08,0,7,1
2021-07-22 21:15:30,0,7,1
2021-07-22 22:04:40,12,7,1
2021-07-23 02:24:56,6,7,1
2021-07-23 02:54:44,23,7,1
2021-07-23 02:57:29,23,7,1
2021-07-23 10:28:37,0,7,4
2021-07-23 11:58:32,23,7,1
2021-07-23 12:32:23,0,7,2
2021-07-23 12:46:20,0,7,1
2021-07-23 13:54:06,23,7,1
2021-07-23 14:16:28,6,7,1
2021-07-23 15:25:06,0,7,2
2021-07-23 15:33:20,9,7,1
2021-07-23 17:20:38,0,7,1
2021-07-23 18:27:47,8,7,1
2021-07-23 20:18:03,0,7,1
2021-06-25 02:42:08,6,7,2
2021-06-26 20:00:09,6,7,1
2021-06-28 04:01:16,12,6,1
2021-06-28 04:03:21,12,7,1
2021-07-02 04:03:50,12,6,1
2021-07-02 04:06:18,11,7,1
2021-07-02 04:09:09,12,6,1
2021-07-03 17:36:59,8,7,1
2021-07-05 11:05:22,20,7,149
2021-07-05 23:39:37,16,7,1
2021-07-08 03:30:24,12,6,1
2021-07-10 02:10:50,6,7,1
2021-07-10 02:17:09,6,7,1
2021-07-10 02:27:51,6,7,1
2021-07-12 05:03:29,0,7,2
2021-07-16 08:11:50,8,7,1
2021-07-18 16:21:00,8,7,1
2021-07-20 12:59:33,8,7,1
2021-07-20 22:14:59,23,7,2
2021-06-25 03:02:08,16,1,1
2021-06-25 07:47:17,12,1,1
2021-06-27 03:17:55,9,1,1
2021-06-27 17:01:10,8,1,1
2021-06-30 19:47:18,23,1,1
2021-07-01 19:04:22,0,1,1
2021-07-01 21:25:03,12,1,1
2021-07-02 00:22:27,12,1,2
2021-07-03 19:00:30,12,1,1
2021-07-03 20:40:01,12,1,1
2021-07-04 17:03:10,23,1,3
2021-07-05 17:06:37,18,1,1
2021-07-05 20:36:50,23,1,1
2021-07-06 15:34:27,18,1,1
2021-07-06 23:49:50,23,1,1
2021-07-10 06:18:55,9,1,1
2021-07-10 17:45:42,9,1,1
2021-07-11 19:41:14,23,1,1
2021-07-11 19:50:41,23,1,1
2021-07-14 10:48:54,23,1,1
2021-07-15 20:09:50,6,1,1
2021-07-16 22:21:11,6,1,1
2021-07-18 17:03:15,23,1,3
2021-07-19 00:18:31,12,1,1
2021-07-19 15:45:37,12,1,1
2021-07-21 18:28:20,8,1,1
2021-07-21 22:07:35,6,1,1
2021-07-22 13:00:49,23,1,4
2021-07-22 18:58:44,23,1,1
2021-07-25 03:05:52,23,7,1
2021-07-25 09:27:33,12,7,1
2021-07-25 14:20:15,19,7,2
2021-07-25 16:33:38,12,7,1
2021-07-25 18:12:35,23,7,1
2021-07-25 18:50:30,8,7,1
2021-07-25 18:53:01,12,7,1
2021-07-25 20:34:02,23,7,2
2021-07-25 21:26:45,8,7,1
2021-07-25 21:46:56,0,7,1
2021-07-25 21:56:22,19,7,1
2021-07-25 22:17:32,0,7,2
2021-07-26 00:40:55,0,7,1
2021-07-26 01:22:09,9,7,1
2021-07-26 03:59:29,19,7,1
2021-07-26 05:59:33,23,7,1
2021-07-26 07:23:42,19,7,1
2021-07-26 12:22:53,0,7,1
2021-07-26 13:04:19,0,7,1
2021-07-26 14:18:37,0,7,1
2021-07-26 16:40:45,23,7,1
2021-07-26 17:50:14,0,7,1
2021-07-26 18:00:44,12,7,1
2021-07-26 18:14:50,0,7,1
2021-07-26 22:09:17,23,7,1
2021-07-26 23:03:48,19,7,1
2021-07-27 08:12:48,0,7,1
2021-07-27 09:36:10,23,7,1
2021-07-27 14:13:41,12,7,1
2021-07-27 16:13:27,8,7,1
2021-07-27 20:41:07,23,7,1
2021-07-27 21:31:23,23,7,1
2021-07-27 21:36:05,0,7,1
2021-07-27 21:40:41,0,7,1
2021-07-27 21:44:00,0,7,1
2021-07-27 23:00:47,23,7,1
2021-07-27 23:33:13,23,7,1
2021-07-28 07:04:23,19,7,1
2021-07-28 15:51:39,0,7,1
2021-07-28 17:17:53,23,7,1
2021-07-28 19:13:36,23,7,1
2021-07-28 20:29:03,9,7,1
2021-07-29 00:26:38,0,7,1
2021-07-29 03:02:35,23,7,1
2021-07-29 03:15:41,6,7,1
2021-07-29 10:19:18,0,7,4
2021-07-29 11:44:31,23,7,1
2021-07-29 12:02:13,0,7,1
2021-07-29 14:55:58,9,7,2
2021-07-29 16:09:46,8,7,1
2021-07-29 18:55:26,0,7,1
2021-07-29 21:23:36,23,7,2
2021-07-29 21:27:20,9,7,1
2021-07-29 22:23:29,9,7,1
2021-07-29 22:40:51,0,7,1
2021-07-30 00:51:27,0,7,1
2021-07-30 01:00:11,23,7,1
2021-07-30 02:02:35,8,7,1
2021-07-30 03:34:21,23,7,1
2021-07-30 07:52:32,23,7,1
2021-07-30 09:10:04,0,7,1
2021-07-30 13:18:39,23,7,1
2021-07-30 17:56:34,0,7,1
2021-07-30 18:02:19,8,7,1
2021-07-31 02:15:49,0,7,2
2021-07-31 03:17:00,23,7,1
2021-07-31 15:39:05,0,7,1
2021-07-31 15:41:08,23,7,1
2021-07-31 15:57:06,0,7,1
2021-07-31 17:18:50,0,7,2
2021-07-31 17:28:03,9,7,3
2021-07-31 19:22:26,23,7,1
2021-07-31 21:01:57,9,7,1
2021-07-31 23:04:27,23,7,1
2021-07-31 23:32:11,0,7,1
2021-07-31 23:48:34,23,7,1
2021-08-01 03:18:23,12,7,1
2021-08-01 04:05:23,0,7,1
2021-08-01 14:03:03,0,7,1
2021-08-01 15:39:14,0,7,1
2021-08-01 15:57:46,23,7,1
2021-08-01 16:07:50,0,7,1
2021-08-01 16:16:58,6,7,1
2021-08-01 17:01:25,0,7,2
2021-08-01 17:06:40,9,7,1
2021-08-01 18:46:11,23,7,1
2021-08-01 19:35:34,0,7,1
2021-08-01 20:13:17,23,7,1
2021-08-01 20:32:24,23,7,1
2021-08-01 20:36:35,23,7,1
2021-08-01 21:20:51,23,7,1
2021-08-01 22:01:49,23,7,1
2021-08-01 22:06:07,12,7,1
2021-08-01 22:37:26,12,7,1
2021-08-02 00:17:16,0,7,1
2021-08-02 00:17:38,23,7,1
2021-08-02 00:25:40,23,7,1
2021-08-02 02:37:38,23,7,1
2021-08-02 06:04:36,0,7,1
2021-08-02 06:05:43,0,7,1
2021-08-02 11:10:45,0,7,1
2021-08-02 12:18:50,12,7,1
2021-08-02 12:31:43,23,7,1
2021-08-02 13:12:25,0,7,1
2021-08-02 14:08:16,23,7,1
2021-08-02 14:29:40,12,7,1
2021-08-02 14:33:08,23,7,1
2021-08-02 16:36:46,23,7,1
2021-08-02 16:44:49,9,7,1
2021-08-02 16:46:22,8,7,1
2021-08-02 17:00:39,23,7,1
2021-08-02 19:21:02,6,7,1
2021-08-02 20:19:09,6,7,1
2021-08-02 23:09:03,0,7,1
2021-08-02 23:24:59,23,7,1
2021-08-02 23:27:22,6,7,1
2021-08-02 23:29:53,23,7,1
2021-08-03 00:26:03,0,7,1
2021-08-03 01:59:16,23,7,1
2021-08-03 02:07:01,0,7,1
2021-08-03 02:42:33,23,7,1
2021-08-03 03:00:03,0,7,1
2021-08-03 04:22:53,23,7,1
2021-08-03 04:27:56,23,7,1
2021-08-03 04:52:12,23,7,1
2021-08-03 13:41:26,0,7,1
2021-08-03 15:47:00,23,7,2
2021-08-03 15:54:14,23,7,1
2021-08-03 17:27:12,0,7,1
2021-08-03 18:33:18,0,7,1
2021-08-03 19:01:23,23,7,1
2021-08-03 21:51:11,0,7,1
2021-08-03 22:11:33,23,7,1
2021-08-03 22:15:48,8,7,1
2021-08-03 22:49:52,0,7,1
2021-08-03 23:05:08,23,7,2
2021-08-03 23:47:06,23,7,1
2021-08-03 23:50:26,0,7,1
2021-08-04 00:18:23,0,7,1
2021-08-04 00:30:09,23,7,1
2021-08-04 00:50:15,23,7,2
2021-08-04 02:09:45,0,7,1
2021-08-04 03:39:27,6,7,1
2021-08-04 03:47:42,0,7,2
2021-08-04 13:21:23,9,7,1
2021-08-04 13:40:34,23,7,1
2021-08-04 13:48:56,8,7,1
2021-08-04 14:06:39,0,7,1
2021-08-04 15:45:06,0,7,1
2021-08-04 16:37:58,9,7,1
2021-08-04 16:44:59,8,7,1
2021-08-04 16:59:39,23,7,1
2021-08-04 18:02:59,12,7,1
2021-08-04 19:22:24,9,7,1
2021-08-04 20:29:18,12,7,1
2021-08-04 23:09:27,0,7,4
2021-08-05 00:42:05,23,7,1
2021-08-05 03:22:26,0,7,1
2021-08-05 06:43:37,9,7,2
2021-08-05 07:03:35,23,7,1
2021-08-05 09:16:10,8,7,1
2021-08-05 10:46:06,0,7,1
2021-08-05 15:34:20,6,7,1
2021-08-05 15:47:32,0,7,1
2021-08-05 17:24:16,6,7,1
2021-08-05 18:51:50,23,7,1
2021-08-05 19:21:26,8,7,1
2021-08-05 19:35:05,23,7,1
2021-08-05 19:57:16,23,7,1
2021-08-05 20:00:55,0,7,1
2021-08-05 20:04:34,9,1,1
2021-08-05 21:51:29,0,7,4
2021-08-05 22:04:52,0,7,1
2021-08-06 00:02:49,8,7,1
2021-08-06 02:36:48,9,7,1
2021-08-06 10:30:23,23,7,1
2021-08-06 11:24:20,0,7,2
2021-08-06 14:17:41,23,7,1
2021-08-06 15:16:53,9,7,1
2021-08-06 16:20:56,23,7,1
2021-08-06 16:46:56,8,7,1
2021-08-06 17:02:04,23,7,2
2021-08-06 17:39:13,0,7,1
2021-08-06 18:43:05,9,7,1
2021-08-06 19:28:54,8,7,1
2021-08-06 19:44:14,0,7,1
2021-08-06 21:49:44,8,7,1
2021-08-06 23:01:17,23,7,1
2021-08-07 00:33:47,8,7,1
2021-08-07 02:52:47,23,7,2
2021-08-07 05:22:37,0,7,1
2021-08-07 14:29:18,9,7,1
2021-08-07 14:48:31,23,7,1
2021-08-07 16:14:44,0,7,1
2021-08-07 18:03:30,23,7,1
2021-08-07 19:48:17,8,7,1
2021-08-07 22:05:50,23,7,1
2021-08-07 22:26:16,0,7,1
2021-08-07 22:56:58,0,7,1
2021-08-08 00:42:27,12,7,1
2021-08-08 01:04:33,0,7,1
2021-08-08 01:26:20,0,7,1
2021-08-08 01:46:40,0,7,1
2021-08-08 02:03:43,9,7,1
2021-08-08 03:25:14,8,7,1
2021-08-08 03:37:04,23,7,1
2021-08-08 04:23:43,23,7,1
2021-08-08 13:25:58,0,7,1
2021-08-08 14:02:17,12,7,1
2021-08-08 14:54:36,23,7,3
2021-08-08 16:58:11,23,7,1
2021-08-08 17:37:50,8,7,1
2021-08-08 19:23:04,8,7,1
2021-08-08 22:16:09,0,7,1
2021-08-09 01:19:09,9,7,1
2021-08-09 01:41:47,23,7,1
2021-08-09 02:16:53,0,7,1
2021-08-09 02:40:53,9,7,1
2021-08-09 06:45:32,23,7,1
2021-08-09 17:28:32,23,7,1
2021-08-09 17:43:46,23,7,1
2021-08-09 18:24:40,0,7,1
2021-08-09 18:38:45,0,7,1
2021-08-09 19:08:54,9,7,1
2021-08-09 20:31:41,23,7,1
2021-08-09 21:41:04,23,7,1
2021-08-09 22:34:38,0,7,1
2021-08-09 23:17:03,23,7,1
2021-08-09 23:34:31,23,7,1
2021-08-09 23:49:02,0,7,1
2021-08-10 01:13:42,0,7,1
2021-08-10 01:23:05,8,7,1
2021-08-10 01:31:04,0,7,1
2021-08-10 01:56:45,9,7,1
2021-08-10 02:01:23,0,7,1
2021-08-10 02:27:41,23,7,1
2021-08-10 04:59:44,23,7,2
2021-08-10 08:15:32,23,7,1
2021-08-10 15:28:19,0,7,1
2021-08-10 17:14:11,8,7,1
2021-08-10 20:20:00,0,7,1
2021-08-10 22:26:39,0,7,1
2021-08-10 22:41:13,0,7,1
2021-08-10 23:03:25,8,7,1
2021-08-10 23:49:31,0,7,1
2021-08-11 00:49:51,23,7,1
2021-08-11 02:02:33,0,7,1
2021-08-11 06:18:36,6,7,1
2021-08-11 17:48:18,23,7,1
2021-08-11 18:31:27,23,7,1
2021-08-11 19:10:57,0,7,1
2021-08-11 19:38:43,0,7,1
2021-08-11 20:26:46,8,7,1
2021-08-12 00:44:39,12,7,1
2021-08-12 01:54:31,0,7,1
2021-08-12 04:34:28,23,7,2
2021-08-12 11:16:57,23,7,2
2021-08-12 12:53:14,0,7,1
2021-08-12 13:27:14,0,7,1
2021-08-12 18:15:33,0,7,1
2021-08-12 18:27:43,0,7,3
2021-08-12 20:13:41,0,7,1
2021-08-12 22:31:16,0,7,1
2021-08-13 00:43:14,8,7,1
2021-08-13 01:10:52,9,7,1
2021-08-13 01:31:35,0,7,1
2021-08-13 01:41:15,8,7,1
2021-08-13 04:00:31,8,7,1
2021-08-13 04:42:36,8,7,1
2021-08-13 05:54:22,9,7,1
2021-08-13 13:03:26,0,7,1
2021-08-13 13:41:44,9,7,1
2021-08-13 16:57:13,8,7,1
2021-08-13 17:21:04,0,7,1
2021-08-13 18:45:29,8,7,1
2021-08-13 19:03:26,0,7,1
2021-08-13 20:07:51,8,7,1
2021-08-13 21:11:30,8,7,1
2021-08-14 02:24:26,9,7,1
2021-08-14 06:20:01,8,7,1
2021-08-14 13:32:50,0,7,1
2021-08-14 18:14:17,0,7,1
2021-08-14 19:06:19,8,7,1
2021-08-14 19:43:07,0,7,1
2021-08-14 21:01:21,0,7,1
2021-08-15 00:29:15,12,7,1
2021-08-15 02:19:52,0,7,1
2021-08-15 20:18:52,0,7,1
2021-08-15 21:11:19,0,7,1
2021-08-16 00:49:47,0,7,1
2021-08-16 01:22:37,8,7,1
2021-08-16 02:44:28,12,7,1
2021-08-16 03:08:40,0,7,1
2021-08-16 04:05:15,8,7,1
2021-08-16 04:56:25,12,7,1
2021-08-16 12:02:05,23,7,1
2021-08-16 13:55:41,8,7,1
2021-08-16 15:08:46,0,7,1
2021-08-16 16:40:13,0,7,1
2021-08-17 01:59:46,0,7,2
2021-08-17 21:32:01,0,7,1
2021-08-17 21:50:15,0,7,2
2021-08-18 01:28:02,0,7,1
2021-08-18 02:16:18,9,7,1
2021-08-18 11:44:23,23,7,1
2021-08-18 14:48:16,0,7,1
2021-08-18 19:31:38,23,7,1
2021-08-18 21:22:26,6,7,1
2021-08-19 02:07:48,8,7,1
2021-08-19 03:32:01,12,7,1
2021-08-19 04:17:12,23,7,1
2021-08-19 11:17:27,9,7,1
2021-08-19 13:55:25,0,7,1
2021-08-19 15:35:01,9,7,1
2021-08-19 15:49:45,9,7,1
2021-08-19 19:49:54,12,7,1
2021-08-19 19:52:44,23,7,1
2021-08-19 21:20:59,8,7,1
2021-08-19 21:47:32,9,7,1
2021-08-20 01:05:56,12,7,1
2021-08-20 01:20:10,0,7,1
2021-08-20 02:34:24,8,7,1
2021-08-20 17:20:28,12,7,1
2021-08-20 17:40:49,23,7,1
2021-08-20 17:56:17,12,7,1
2021-08-20 18:08:30,12,7,1
2021-08-20 18:13:42,12,7,1
2021-08-20 19:52:17,12,7,1
2021-08-20 19:56:38,12,7,1
2021-08-20 23:30:56,8,7,1
2021-08-20 23:34:28,23,7,1
2021-08-20 23:56:24,12,7,1
2021-08-21 00:12:34,8,7,1
2021-08-21 00:39:49,12,7,1
2021-08-21 01:21:19,8,7,1
2021-08-21 01:22:09,8,7,1
2021-08-21 01:47:10,8,7,1
2021-08-21 03:41:34,12,7,1
2021-08-21 04:11:47,8,7,1
2021-08-21 08:31:31,12,7,1
2021-08-21 11:14:24,8,7,1
2021-08-21 12:28:40,8,7,1
2021-08-21 16:14:45,23,7,1
2021-08-21 16:48:48,12,7,1
2021-08-21 16:50:00,12,7,1
2021-08-21 17:29:23,0,7,1
2021-08-21 18:16:59,8,7,1
2021-08-21 19:59:30,23,7,1
2021-08-21 20:52:32,23,7,1
2021-08-21 20:57:37,23,7,1
2021-08-21 21:12:12,8,7,1
2021-08-21 21:24:17,8,7,1
2021-08-21 22:46:36,8,7,1
2021-08-21 23:13:35,12,7,1
2021-08-21 23:22:10,23,7,1
2021-08-22 00:01:07,8,7,1
2021-08-22 00:08:52,8,7,1
2021-08-22 00:19:20,12,7,1
2021-08-22 03:23:03,0,7,1
2021-08-22 03:33:30,12,7,1
2021-08-22 04:02:41,8,7,1
2021-08-22 10:03:56,12,7,1
2021-08-22 11:14:07,8,7,1
2021-08-22 14:41:12,23,3,1
2021-08-22 15:43:21,9,7,1
2021-08-22 16:03:46,12,7,1
2021-08-22 16:49:21,12,7,1
2021-08-22 17:00:23,12,7,1
2021-08-22 17:25:14,23,7,1
2021-08-22 17:57:15,8,7,1
2021-08-22 18:19:36,23,7,1
2021-08-22 18:36:53,12,7,1
2021-08-22 18:42:46,12,7,1
2021-08-22 18:43:59,8,7,2
2021-08-22 18:59:43,8,7,1
2021-08-22 19:43:23,8,7,1
2021-08-22 20:12:08,12,7,1
2021-08-22 20:17:00,12,7,1
2021-08-22 20:50:14,8,7,1
2021-08-22 22:01:54,12,7,1
2021-08-22 23:14:03,12,7,1
2021-08-22 23:42:41,12,7,1
2021-08-22 23:56:12,12,7,1
2021-08-23 00:16:20,8,7,1
2021-08-23 00:21:28,0,7,1
2021-08-23 00:28:48,6,7,2
2021-08-23 00:32:20,8,7,1
2021-08-23 00:51:31,12,7,1
2021-08-23 01:16:37,12,7,1
2021-08-23 01:29:54,12,7,1
2021-08-23 03:15:07,9,7,1
2021-08-23 03:42:56,12,7,1
2021-08-23 03:42:59,8,7,1
2021-08-23 03:47:11,8,7,1
2021-08-23 05:11:31,8,7,1
2021-08-23 10:21:19,12,7,1
2021-08-23 12:37:59,12,7,1
2021-08-23 14:09:51,16,7,1
2021-08-23 15:47:29,12,7,1
2021-08-23 16:04:45,12,7,1
2021-08-23 16:35:18,8,4,1
2021-08-23 17:10:04,0,7,2
2021-08-23 17:57:25,12,7,1
2021-08-23 19:33:31,0,7,1
2021-08-23 20:19:26,8,7,1
2021-08-23 20:35:39,23,7,1
2021-08-23 20:57:49,12,7,1
2021-07-29 04:09:42,0,7,1
2021-08-05 23:29:10,16,7,3
2021-08-10 00:59:35,4,6,1
2021-08-20 22:57:12,20,7,1
2021-07-25 22:14:28,6,1,1
2021-07-25 22:41:05,23,1,1
2021-07-26 17:13:43,6,1,1
2021-07-28 17:42:41,6,1,1
2021-07-29 01:20:32,6,1,1
2021-07-30 20:34:42,6,1,1
2021-07-31 14:01:57,23,1,1
2021-07-31 18:31:08,8,1,1
2021-08-04 03:52:15,6,1,1
2021-08-05 02:22:13,23,1,1
2021-08-07 18:43:33,23,1,1
2021-08-12 10:22:40,23,1,1
2021-08-14 14:39:52,23,1,1
2021-08-15 15:55:34,23,1,2
2021-08-15 22:06:34,6,1,1
2021-08-15 22:40:38,6,1,1
2021-08-16 20:55:12,6,1,1
2021-08-18 13:33:39,6,1,1
2021-08-18 22:46:52,23,1,3
2021-08-19 13:53:32,23,1,1
2021-08-20 14:09:56,8,1,1
2021-08-21 15:11:36,12,1,1
2021-08-21 17:32:52,8,1,1
2021-08-22 15:53:24,23,1,2
2021-08-25 00:00:04,8,7,1
2021-08-25 00:04:30,8,7,1
2021-08-25 00:58:59,8,7,1
2021-08-25 02:38:56,8,7,1
2021-08-25 02:40:24,6,7,1
2021-08-25 03:46:10,8,7,1
2021-08-25 04:01:59,8,7,1
2021-08-25 08:07:54,0,7,1
2021-08-25 10:15:55,6,7,1
2021-08-25 10:17:01,8,7,1
2021-08-25 10:18:25,8,7,1
2021-08-25 14:07:58,0,7,1
2021-08-25 14:37:08,0,7,1
2021-08-25 16:51:21,8,7,1
2021-08-25 17:12:39,8,7,1
2021-08-25 18:43:53,12,7,1
2021-08-25 18:55:10,8,7,1
2021-08-25 19:01:09,8,7,1
2021-08-25 19:23:35,12,7,1
2021-08-25 19:27:45,12,7,1
2021-08-25 20:14:05,12,7,1
2021-08-25 21:05:31,9,7,1
2021-08-25 21:30:08,12,7,1
2021-08-25 21:56:30,12,7,1
2021-08-25 23:22:53,12,7,1
2021-08-25 23:39:29,8,7,1
2021-08-26 00:59:06,12,7,1
2021-08-26 01:29:12,12,7,1
2021-08-26 01:43:17,8,7,1
2021-08-26 01:54:57,12,7,1
2021-08-26 03:09:38,12,7,1
2021-08-26 04:02:39,12,7,1
2021-08-26 04:41:35,9,7,1
2021-08-26 04:48:20,12,7,1
2021-08-26 05:36:16,12,7,1
2021-08-26 06:30:17,12,7,1
2021-08-26 10:53:35,6,7,1
2021-08-26 12:20:35,12,7,1
2021-08-26 13:23:54,12,7,1
2021-08-26 13:30:16,12,7,1
2021-08-26 13:55:55,12,7,1
2021-08-26 14:25:32,12,7,1
2021-08-26 14:43:51,12,7,1
2021-08-26 14:52:51,9,7,1
2021-08-26 17:21:35,12,7,1
2021-08-26 17:59:18,12,7,1
2021-08-26 18:12:09,9,7,1
2021-08-26 18:34:18,12,7,1
2021-08-26 19:09:46,12,7,1
2021-08-26 20:04:55,9,7,1
2021-08-26 20:11:59,12,7,1
2021-08-26 21:02:53,12,7,1
2021-08-26 21:08:44,9,7,1
2021-08-26 21:58:06,6,7,1
2021-08-26 22:24:32,8,7,1
2021-08-26 23:13:16,12,7,1
2021-08-26 23:37:46,0,7,4
2021-08-27 00:00:34,12,7,1
2021-08-27 00:11:25,12,7,1
2021-08-27 01:27:18,12,7,1
2021-08-27 01:47:42,12,7,1
2021-08-27 03:50:08,9,7,1
2021-08-27 05:28:19,9,7,1
2021-08-27 08:43:45,12,7,1
2021-08-27 12:10:13,12,7,1
2021-08-27 15:48:03,9,7,1
2021-08-27 17:01:45,6,7,1
2021-08-27 18:21:28,9,7,1
2021-08-27 18:26:12,0,7,1
2021-08-27 18:51:54,12,7,1
2021-08-27 20:24:55,0,7,1
2021-08-27 21:11:25,12,7,1
2021-08-27 21:47:06,12,7,1
2021-08-27 23:24:06,9,7,1
2021-08-27 23:26:01,12,7,1
2021-08-27 23:34:15,12,7,1
2021-08-28 01:13:27,9,7,1
2021-08-28 01:37:04,12,7,1
2021-08-28 02:03:46,9,7,1
2021-08-28 03:16:47,12,7,1
2021-08-28 03:56:30,12,7,1
2021-08-28 04:30:22,12,7,2
2021-08-28 06:01:58,12,7,1
2021-08-28 07:31:37,9,7,2
2021-08-28 10:31:11,6,7,1
2021-08-28 12:53:13,9,7,1
2021-08-28 13:29:24,12,7,1
2021-08-28 13:34:55,12,7,1
2021-08-28 13:40:22,9,7,1
2021-08-28 15:16:22,12,7,1
2021-08-28 15:30:28,12,7,1
2021-08-28 15:52:59,12,7,1
2021-08-28 16:33:36,0,7,1
2021-08-28 17:21:16,12,4,1
2021-08-28 17:34:28,0,7,1
2021-08-28 17:57:53,12,7,1
2021-08-28 18:41:52,6,7,1
2021-08-28 18:44:32,12,7,1
2021-08-28 19:33:25,9,7,1
2021-08-28 19:36:28,0,7,1
2021-08-28 19:41:36,12,7,1
2021-08-28 20:16:55,12,7,1
2021-08-28 21:45:21,6,7,1
2021-08-28 22:15:12,0,7,1
2021-08-28 22:41:34,12,7,1
2021-08-28 22:56:36,12,7,1
2021-08-28 23:00:59,8,7,1
2021-08-29 00:10:09,0,7,1
2021-08-29 00:18:36,12,7,1
2021-08-29 01:19:41,9,7,1
2021-08-29 01:35:22,12,7,1
2021-08-29 02:04:11,6,7,1
2021-09-23 19:22:25,0,7,1
2021-09-23 19:47:50,23,1,2
2021-09-23 00:35:44,8,7,1
2021-09-23 04:36:23,23,7,1
2021-09-23 15:24:47,12,7,1
2021-08-29 02:18:14,12,7,1
2021-08-29 03:06:07,8,7,1
2021-08-29 04:00:13,12,7,1
2021-08-29 06:00:02,16,7,1
2021-08-29 11:20:08,12,7,1
2021-08-29 14:15:32,12,7,1
2021-08-29 14:56:01,12,7,1
2021-08-29 15:31:17,12,7,1
2021-08-29 15:45:32,12,7,1
2021-08-29 15:58:13,12,7,1
2021-08-29 16:13:19,12,7,1
2021-08-29 16:26:35,6,7,1
2021-08-29 16:31:11,12,7,1
2021-08-29 16:34:12,12,7,1
2021-08-29 16:44:26,9,7,1
2021-08-29 17:20:19,6,7,1
2021-08-29 17:42:34,9,7,1
2021-08-29 17:46:48,6,7,1
2021-08-29 18:05:17,12,7,1
2021-08-29 18:05:29,12,7,1
2021-08-29 18:20:03,9,7,1
2021-08-29 18:31:24,6,7,1
2021-08-29 18:41:39,12,7,1
2021-08-29 19:50:59,12,7,2
2021-08-29 19:52:43,12,7,1
2021-08-29 20:28:39,9,7,1
2021-08-29 21:38:58,12,7,1
2021-08-29 21:50:25,12,7,1
2021-08-29 22:03:21,12,7,1
2021-08-29 22:47:08,0,7,1
2021-08-29 22:48:13,12,7,1
2021-08-29 23:35:46,12,7,1
2021-08-29 23:53:21,6,7,1
2021-08-29 23:56:07,9,7,1
2021-08-30 00:06:30,12,7,1
2021-08-30 00:27:49,12,7,1
2021-08-30 00:40:39,12,7,1
2021-08-30 01:28:08,9,7,1
2021-08-30 01:43:16,6,7,1
2021-08-30 01:51:21,12,7,1
2021-08-30 02:09:35,9,7,1
2021-08-30 02:12:19,9,7,1
2021-08-30 02:15:11,6,7,1
2021-08-30 02:25:44,6,7,1
2021-08-30 03:31:31,9,7,1
2021-08-30 03:51:19,8,7,1
2021-08-30 04:02:12,8,7,1
2021-08-30 04:33:04,9,7,1
2021-08-30 15:20:17,6,7,1
2021-08-30 21:06:45,0,7,2
2021-08-30 21:07:50,9,7,1
2021-08-31 04:06:21,0,7,1
2021-08-31 04:46:13,8,7,1
2021-08-31 10:02:47,8,7,2
2021-08-31 23:59:39,8,7,1
2021-09-01 01:09:30,8,7,1
2021-09-01 01:10:09,9,7,1
2021-09-01 01:17:21,9,7,1
2021-09-01 04:16:06,8,7,1
2021-09-01 04:16:47,8,7,1
2021-09-01 09:37:35,8,7,1
2021-09-01 09:52:33,0,7,1
2021-09-01 12:58:13,0,7,1
2021-09-01 13:28:52,9,7,1
2021-09-01 14:34:44,9,3,1
2021-09-01 15:48:23,0,7,1
2021-09-01 18:23:22,9,7,2
2021-09-01 22:13:52,8,7,1
2021-09-02 00:01:52,9,7,1
2021-09-02 01:13:54,9,7,1
2021-09-02 02:24:17,9,7,1
2021-09-02 03:11:54,9,7,1
2021-09-02 03:17:24,9,7,1
2021-09-02 12:38:28,23,7,1
2021-09-02 12:43:49,9,7,2
2021-09-02 12:58:19,9,7,1
2021-09-02 14:20:12,8,7,1
2021-09-02 17:57:49,8,7,1
2021-09-02 20:31:20,6,7,1
2021-09-02 21:46:25,6,7,1
2021-09-02 22:28:13,8,7,1
2021-09-02 22:34:16,8,7,1
2021-09-02 22:54:52,8,7,1
2021-09-03 00:11:20,9,7,1
2021-09-03 04:58:02,9,7,1
2021-09-03 17:12:14,9,7,1
2021-09-03 21:56:47,9,7,1
2021-09-03 22:09:09,8,7,1
2021-09-04 03:06:59,9,7,1
2021-09-04 06:15:30,9,4,1
2021-09-04 14:26:03,8,7,1
2021-09-04 14:47:05,0,7,1
2021-09-04 15:41:46,0,7,1
2021-09-04 22:24:53,9,7,1
2021-09-04 22:51:42,9,7,1
2021-09-05 01:34:28,9,7,1
2021-09-05 20:10:30,8,7,1
2021-09-05 22:37:16,9,7,1
2021-09-05 23:31:19,9,7,1
2021-09-06 00:42:31,8,7,1
2021-09-06 03:09:31,9,7,1
2021-09-06 03:15:43,9,7,1
2021-09-06 04:33:49,9,7,1
2021-09-06 05:37:23,8,7,1
2021-09-06 13:04:46,9,7,1
2021-09-06 15:57:11,9,7,1
2021-09-06 18:28:21,8,7,1
2021-09-06 23:49:47,9,7,1
2021-09-07 00:12:13,9,7,1
2021-09-07 01:21:43,9,7,1
2021-09-07 01:56:39,9,7,3
2021-09-07 02:19:42,9,7,1
2021-09-07 05:22:34,8,7,1
2021-09-07 11:35:59,0,7,1
2021-09-07 13:13:42,1,7,1
2021-09-07 16:43:41,0,7,1
2021-09-07 17:43:19,9,7,1
2021-09-07 22:23:11,9,7,2
2021-09-07 22:49:03,0,7,1
2021-09-07 22:54:58,9,7,1
2021-09-08 03:16:48,8,7,1
2021-09-08 06:53:20,0,7,1
2021-09-08 14:24:20,0,7,1
2021-09-08 22:31:25,1,7,1
2021-09-09 01:38:42,9,7,1
2021-09-09 01:53:02,8,7,1
2021-09-09 07:44:34,8,7,1
2021-09-09 18:21:30,0,7,2
2021-09-09 18:47:40,0,7,1
2021-09-09 19:02:51,9,7,1
2021-09-09 20:41:41,8,7,1
2021-09-09 22:02:28,0,7,1
2021-09-09 23:42:20,9,7,1
2021-09-10 01:56:36,9,7,1
2021-09-10 03:10:25,0,7,1
2021-09-10 13:15:38,0,7,1
2021-09-10 14:01:02,0,7,1
2021-09-10 15:30:37,0,7,1
2021-09-10 15:38:28,9,7,1
2021-09-10 16:52:40,9,7,1
2021-09-10 16:53:14,9,7,1
2021-09-10 17:15:41,23,7,1
2021-09-10 19:21:27,0,7,1
2021-09-10 20:26:34,0,7,1
2021-09-10 20:58:32,9,7,1
2021-09-11 01:33:22,0,7,1
2021-09-11 02:12:27,8,7,1
2021-09-11 03:53:26,0,7,1
2021-09-11 15:56:51,0,7,1
2021-09-11 18:45:14,12,7,1
2021-09-11 21:26:33,0,7,1
2021-09-11 22:24:23,0,7,2
2021-09-11 22:44:18,0,7,1
2021-09-12 00:05:05,0,7,1
2021-09-12 14:01:43,0,7,1
2021-09-12 15:28:05,0,7,1
2021-09-12 15:52:43,23,7,1
2021-09-12 23:21:18,8,7,4
2021-09-13 06:41:17,8,7,2
2021-09-13 11:56:06,8,7,1
2021-09-13 19:18:02,0,7,1
2021-09-13 21:38:01,8,7,2
2021-09-13 21:54:02,8,7,1
2021-09-13 23:29:22,23,7,1
2021-09-14 03:37:10,8,7,1
2021-09-14 16:30:27,23,7,1
2021-09-14 22:57:33,8,7,1
2021-09-15 00:30:48,12,7,1
2021-09-15 01:20:51,8,7,1
2021-09-15 16:59:20,8,7,1
2021-09-15 20:56:54,8,7,1
2021-09-15 21:11:21,8,7,1
2021-09-16 03:23:00,8,7,1
2021-09-16 03:42:40,8,7,1
2021-09-16 06:39:47,8,7,1
2021-09-16 13:30:49,1,7,1
2021-09-16 14:48:07,8,7,1
2021-09-16 23:48:44,8,7,1
2021-09-17 01:40:43,1,7,1
2021-09-17 03:53:05,8,7,1
2021-09-17 09:07:44,8,7,1
2021-09-17 18:55:37,8,7,1
2021-09-18 01:08:02,8,7,1
2021-09-19 23:25:31,12,7,1
2021-09-20 04:15:12,8,7,1
2021-09-20 20:41:01,23,7,1
2021-09-20 23:36:04,1,7,1
2021-09-21 00:00:16,8,7,1
2021-09-21 02:30:30,1,7,1
2021-09-21 02:31:40,8,7,1
2021-09-21 02:36:37,1,7,1
2021-09-22 01:10:47,0,7,1
2021-08-29 13:13:11,6,7,2
2021-08-29 13:20:54,8,7,1
2021-08-30 15:58:15,6,7,119
2021-09-05 14:35:26,5,7,1
2021-09-05 21:34:03,23,7,4
2021-09-20 23:42:47,23,7,1
2021-08-26 14:09:16,23,1,1
2021-08-27 00:05:16,12,1,1
2021-08-27 02:27:35,23,1,1
2021-08-27 08:11:51,8,1,1
2021-08-27 19:13:36,18,1,4
2021-08-28 01:32:52,6,1,1
2021-08-28 01:38:20,9,1,1
2021-08-28 13:43:28,9,1,1
2021-08-29 00:27:14,6,1,1
2021-09-05 13:11:45,8,1,1
2021-09-05 15:22:19,23,1,1
2021-09-05 20:02:45,23,1,1
2021-09-06 20:10:08,23,1,1
2021-09-07 01:20:51,23,1,1
2021-09-07 02:24:37,9,1,1
2021-09-07 03:50:20,23,1,1
2021-09-07 15:36:07,8,1,1
2021-09-12 22:40:50,8,1,1
2021-09-16 16:34:32,18,1,1
